filename,start,end,content,techniques,persuasion_strategies,Attack_on_Reputation,Justification,Distraction,Simplification,Call,Manipulative_Wording,content_uk
pl_hate_speech_act_19_12_2024_n08.txt,8047,8101,Ciągle pokutuje mit o Polsce jako kraju tolerancyjnym.,"['Appeal_to_Hypocrisy', 'Doubt']",['Attack_on_Reputation'],True,False,False,False,False,False,"Він все ще шкодує, що знає про Польщу як про толерантну країну."
pl_defence_22_05_2024_n01.txt,3160,3187,Rzeczywiście to jest hańba.,"['Exaggeration-Minimisation', 'Loaded_Language']",['Manipulative_Wording'],False,False,False,False,False,True,Це справді ганьба.
pl_current_affairs_09_01_2025_n02.txt,3965,4288,"Posłowie Joanna Borowiak i Anna Gembicka z Klubu Parlamentarnego Prawo i Sprawiedliwość zadadzą pytania w sprawie decyzji generalnego dyrektora ochrony środowiska z grudnia 2024 r. torpedującej budowę stopnia wodnego w Siarzewie, inwestycji zapewnionej przez rząd PiS i gwarantującej bezpieczeństwo przeciwpowodziowe Kujaw.",['Loaded_Language'],['Manipulative_Wording'],False,False,False,False,False,True,Посланці Джоанни Борувак та Анна Гембіка з Клубу парламентського закону та справедливості задають питання щодо рішення Генерального директора охорони навколишнього середовища у грудні 2024 року.
pl_eu_03_04_2025_n05.txt,1975,2091,"Zachęcam do tego, żeby na posiedzeniach tej komisji było mniej hipokryzji ze strony pana posła, a więcej współpracy.",['Questioning_the_Reputation'],['Attack_on_Reputation'],True,False,False,False,False,False,"Я закликаю вас не бути лицеміром на засіданнях комісії, а більше співпрацювати з вами."
pl_defence_07_03_2025_n08.txt,2405,2485,"Co prawda tam klimatyzacji nie ma, ale przynajmniej żołnierze w środku nie giną.",[],[],False,False,False,False,False,False,"Там немає кондиціонера, але принаймні солдати всередині не гинуть."
pl_abortion_11_04_2024_n03.txt,248,316,"Drogie, Szanowne Działaczki Ruchów Kobiecych i Działaczki Aborcyjne!",['Flag_Waving'],['Justification'],False,True,False,False,False,False,"Дорогі, шановні Послуги жінок і Абортні акти!"
pl_defence_07_03_2025_n04.txt,7999,8242,"Dzięki liderstwu ministra obrony narodowej Władysława Kosiniaka-Kamysza tworzona jest nowa europejska polityka bezpieczeństwa, co w praktyce potwierdziła wizyta sekretarza obrony Stanów Zjednoczonych w Polsce. (Poseł Krzysztof Bosak: Litości…)",[],[],False,False,False,False,False,False,"Завдяки лідерам міністра оборони Національної Владислава Косиняка-Камиша створено нову європейську політику безпеки, що фактично підтверджує візит міністра оборони США в Польщі."
pl_defence_22_05_2024_n03.txt,6270,6399,"Dzisiaj jest w pańskiej ręce jedna decyzja jako szefa PSL-u – o wycofaniu konkurencyjnego projektu uchwały, który został złożony…",[],[],False,False,False,False,False,False,"Сьогодні у вашій руці є одне рішення як голова PSL про скасування конкуруючого проекту, який є складним."
pl_abortion_11_04_2024_n04.txt,7653,7724,Witam was serdecznie. (Oklaski) (Poseł Urszula Pasławska: Pozdrawiamy.),[],[],False,False,False,False,False,False,Вітаю вас. (Оплески)
pl_abortion_11_04_2024_n04.txt,455,500,W Polsce jedna kobieta na trzy miała aborcję.,"['Appeal_to_Popularity', 'Repetition']","['Justification', 'Manipulative_Wording']",False,True,False,False,False,True,У Польщі одна жінка з трьох мала аборт.
pl_current_affairs_09_01_2025_n03.txt,594,633,Oczywiście to jest wasza stara śpiewka.,"['Conversation_Killer', 'Loaded_Language', 'Questioning_the_Reputation']","['Attack_on_Reputation', 'Call', 'Manipulative_Wording']",True,False,False,False,True,True,"Звичайно, це ваша стара пісня."
pl_abortion_11_04_2024_n14.txt,3172,3216,Poseł Elżbieta Burkiewicz: Pani Marszałkini!,[],[],False,False,False,False,False,False,Посол Елізабет Буркевич: пані Маршалакіні!
pl_defence_22_05_2024_n01.txt,416,554,"A więc, panie ministrze, znaczy się, jest dobrze czy wręcz przeciwnie – używając cytatu z pewnego filmu z klasyki polskiej kinematografii.",[],[],False,False,False,False,False,False,"Отже, міністр, я маю на увазі, що все добре, чи навіть навпаки, використовуючи цитату з одного фільму польської кінематографії."
pl_hate_speech_act_19_12_2024_n04.txt,6560,6641,"Zapraszam pana posła Michała Pyrzyka, Polskie Stronnictwo Ludowe – Trzecia Droga.",[],[],False,False,False,False,False,False,"Будь ласка, вас послав Міхал Пірс, польський польський польський польський полководець - третій шлях."
pl_eu_03_04_2025_n05.txt,8321,8454,"Przyjęty został również plan działań na rzecz bezpieczeństwa i obrony, który został zaproponowany przez Europejski Bank Inwestycyjny.",[],[],False,False,False,False,False,False,"Також було прийнято план дій для захисту та оборони, який було запропоновано Європейським інвестиційним банком."
pl_abortion_11_04_2024_n01.txt,3909,3974,Lewica składa ustawę dotyczącą dekryminalizacji pomocy w aborcji.,['False_Dilemma-No_Choice'],['Simplification'],False,False,False,True,False,False,Левіка дає закон про декримінацію ліків від абортів.
pl_hate_speech_act_19_12_2024_n09.txt,2825,2894,A tu chodzi o zapewnienie ochrony osobom pokrzywdzonym dyskryminacją.,['Appeal_to_Pity'],['Distraction'],False,False,True,False,False,False,"А тут ідеться про те, щоб захистити тих, хто страждає від дискримінації."
pl_eu_03_04_2025_n01.txt,1298,1438,Przedstawiam sprawozdanie Rady Ministrów dla Sejmu i Senatu o aktywności Polski w czasie prezydencji węgierskiej w Radzie Unii Europejskiej.,[],[],False,False,False,False,False,False,Я продемонструю звіт Ради міністрів для Сейму та Сенату про польську діяльність під час Угорського вступу до Ради Європейського Союзу.
pl_abortion_11_04_2024_n05.txt,4140,4211,Bo przecież kobiety w Polsce wciąż są w bardzo niebezpiecznym momencie.,"['Exaggeration-Minimisation', 'Appeal_to_Pity']","['Distraction', 'Manipulative_Wording']",False,False,True,False,False,True,Тому що жінки в Польщі все ще в дуже небезпечний час.
pl_abortion_11_04_2024_n03.txt,9280,9325,Zakaz aborcji zabija i nie likwiduje aborcji.,"['Consequential_Oversimplification', 'Loaded_Language', 'Doubt', 'Appeal_to_Fear-Prejudice']","['Attack_on_Reputation', 'Justification', 'Simplification', 'Manipulative_Wording']",True,True,False,True,False,True,Заборона аборту вбиває і не усуває абортів.
pl_defence_07_03_2025_n05.txt,2854,2972,"Łączy to ze sobą, mówi, że NATO to jest sojusz, dzięki któremu Ameryka powinna osiągać określone korzyści gospodarcze.","['Questioning_the_Reputation', 'Repetition']","['Attack_on_Reputation', 'Manipulative_Wording']",True,False,False,False,False,True,"Він пов'язує це, він каже, що НАТО - це альянс, який дає США змогу отримати певні економічні вигоди."
pl_abortion_11_04_2024_n10.txt,1367,1521,"Koniec z zasłanianiem się światopoglądem, koniec z zasłanianiem się referendum, koniec z powtarzaniem nieprawdziwych stereotypów na temat terminacji ciąż.","['Conversation_Killer', 'Appeal_to_Time', 'Repetition']","['Call', 'Manipulative_Wording']",False,False,False,False,True,True,"Більше не буде затулятись світоглядом, не буде ніяких хибних стереотипів щодо термінів вагітності."
pl_eu_03_04_2025_n01.txt,7332,7414,To jest ważny kierunek z punktu widzenia polskiego i europejskiego bezpieczeństwa.,['Flag_Waving'],['Justification'],False,True,False,False,False,False,Це важливий напрям з точки зору польської та європейської безпеки.
pl_eu_03_04_2025_n05.txt,1072,1280,"Ówczesna pani wojewoda Leniart przecinała wstęgi, otwierała centra integracji cudzoziemców, a dzisiaj już pani posłanka Leniart robi konferencje prasowe i protestuje przeciwko centrom integracji cudzoziemców.",['Appeal_to_Hypocrisy'],['Attack_on_Reputation'],True,False,False,False,False,False,"У той час місіс Леніарт перетинала конференції, відкривала центр інтеграції іноземців, а тепер місіс Леніарт робить прес-конференції і протестує проти центрів інтеграції іноземців."
pl_hate_speech_act_19_12_2024_n02.txt,4757,4865,"To były siniaki na ciele młodych osób, które w 2019 r. chciały uczestniczyć w marszu równości w Białymstoku.",[],[],False,False,False,False,False,False,"Це були синці на тілі молодих людей, які у 2019 році хотіли взяти участь у марші рівності в Біломстоку."
pl_defence_07_03_2025_n06.txt,1802,1977,"Nie można już ślepo wierzyć Trumpowi, nie można go chwalić za wszystko, nie można tłumaczyć każdego jednego jego słowa, że się przejęzyczył, że ma specyficzny sposób mówienia.","['Conversation_Killer', 'Loaded_Language', 'Doubt', 'Repetition']","['Attack_on_Reputation', 'Call', 'Manipulative_Wording']",True,False,False,False,True,True,"Ви вже не можете сліпо вірити Трумові, ви не можете хвалити його за все, ви не можете пояснити кожне його слово, що він розуміє, що він має особливий спосіб говорити."
pl_statements_20_02_2025_n03.txt,5502,5529,"Proszę bardzo, panią poseł.",[],[],False,False,False,False,False,False,"Будь ласка, заспокойтеся."
pl_eu_03_04_2025_n07.txt,5545,5563,Kryzys migracyjny.,[],[],False,False,False,False,False,False,Криза міграції.
pl_defence_22_05_2024_n04.txt,8382,8453,10 mld na zabezpieczenie wschodniej granicy to bardzo dobra informacja.,[],[],False,False,False,False,False,False,10 мільярдів задля захисту східного кордону - це дуже гарна інформація.
pl_eu_03_04_2025_n01.txt,2880,3009,"Odwiedził on Moskwę, a potem Pekin, określając ten wyjazd jako reprezentowanie całej Unii Europejskiej ze względu na prezydencję.","['Appeal_to_Hypocrisy', 'Doubt']",['Attack_on_Reputation'],True,False,False,False,False,False,"Він відвідав Москву, а потім Пекін, щоб визначити цей від'їзд як репрезентацію цілого Європейського Союзу задля президенції."
pl_defence_22_05_2024_n02.txt,3104,3174,Zaledwie 4% Polaków ma szansę na znalezienie bezpiecznego schronienia.,['Doubt'],['Attack_on_Reputation'],True,False,False,False,False,False,Лише 4 відсотки поляків мають можливість знайти безпечне житло.
pl_abortion_11_04_2024_n13.txt,5875,5922,Poseł Żaneta Cwalina-Śliwowska: Pani Marszałek!,[],[],False,False,False,False,False,False,Посол Жана Клвіна-Славовська: Місіс Маршалик!
pl_abortion_11_04_2024_n05.txt,2619,2783,"Ale prawda jest taka, że mam nieodparte wrażenie, że lewicy chodzi tylko o dyskusję, tak samo jak prawicy, a problemy kobiet do tej pory są nierozwiązane. (Oklaski)",['Straw_Man'],['Distraction'],False,False,True,False,False,False,"Але правда в тому, що здається, що ліві - це лише розмова, як і справа, і проблеми жінок досі не розв'язані. (Оплески)"
pl_eu_03_04_2025_n02.txt,2607,2646,Wskazywałem na samym początku dlaczego.,[],[],False,False,False,False,False,False,"Я говорив з самого початку, чому."
pl_eu_12_06_2024_n02.txt,5963,6011,Poseł Janusz Kowalski: Szanowny Panie Marszałku!,[],[],False,False,False,False,False,False,Посол Януш Квальський: Шановний пане Маршалку!
pl_current_affairs_09_01_2025_n02.txt,4659,4794,"Tego, jak ważne jest bezpieczeństwo przeciwpowodziowe, boleśnie doświadczyli mieszkańcy Dolnego Śląska i Opolszczyzny we wrześniu ub.r.",[],[],False,False,False,False,False,False,Мешканці Нижнього Слізу та Опольща у вересні Уб.
pl_current_affairs_09_01_2025_n01.txt,8175,8317,"To jest nowy program, nowe świadczenie i po to są weryfikacje i postępowania ręczne, by każdy rodzic miał szansę te dane poprawić i uzupełnić.",[],[],False,False,False,False,False,False,"Це нова програма, нове свідчення, і для цього є офіційна перевірка та дії, щоб кожен батько міг отримати можливість покращити та доповнити цю інформацію."
pl_eu_12_06_2024_n04.txt,4535,4721,Z perspektywy bezpieczeństwa prezydencji kluczowe znaczenie mają przepisy dotyczące opracowania planów zapewnienia bezpieczeństwa i porządku publicznego dla centralnych obiektów spotkań.,[],[],False,False,False,False,False,False,Рекомендація щодо забезпечення безпеки та громадського порядку для центральних будівель відіграє ключову роль.
pl_abortion_11_04_2024_n13.txt,822,890,"Skoro zatem kobiety chcą wyboru, to mamy obowiązek dać im ten wybór.","['Conversation_Killer', 'Causal_Oversimplification', 'Appeal_to_Popularity']","['Justification', 'Simplification', 'Call']",False,True,False,True,True,False,"Тому, якщо жінки хочуть вибору, ми маємо дати їм цей вибір."
pl_defence_22_05_2024_n02.txt,3919,3983,"Niestety nie dały rady, ponieważ przegrały z polską biurokracją.","['Causal_Oversimplification', 'Questioning_the_Reputation']","['Attack_on_Reputation', 'Simplification']",True,False,False,True,False,False,"На жаль, їм не вдалося, бо вони програли бюрократію в Польщі."
pl_defence_07_03_2025_n01.txt,6858,7016,"Jeżeli Unia Europejska nagle się obudziła, po czasie, znowu, tak jak Donald Tusk, jeśli chodzi o budowę własnego potencjału, to my jesteśmy tego entuzjastami.","['Loaded_Language', 'Questioning_the_Reputation']","['Attack_on_Reputation', 'Manipulative_Wording']",True,False,False,False,False,True,"Якщо Європейський Союз прокинувся раптово, через деякий час, знову ж таки, так само, як Дональд Туск, коли йдеться про створення власного потенціалу, ми - ентузіасти."
pl_defence_22_05_2024_n04.txt,8948,9028,Chciałem zapytać o przygotowanie Sił Zbrojnych w Polsce do walki elektronicznej.,[],[],False,False,False,False,False,False,"Я хотів запитати у вас про те, як підготувати сили збройних сил у Польщі до електронної боротьби."
pl_abortion_11_04_2024_n09.txt,5983,6044,Poseł Jarosław Sachajko: …jego wrażliwość i odpowiedzialność.,[],[],False,False,False,False,False,False,Посол Ярослав Сахейко: його вразливість і відповідальність.
pl_abortion_11_04_2024_n08.txt,5974,6132,"Rozmawiam z nimi, pytam, czy zmieniliście zdanie, czy jesteście teraz przeciw życiu, czy jesteście przeciw temu, żeby małe, bezbronne dzieci mogły się rodzić.",[],[],False,False,False,False,False,False,"Я говорю з ними, запитую їх, чи ви змінили свою думку, чи ви зараз проти життя, чи проти того, щоб маленькі беззахисні діти народилися."
pl_defence_22_05_2024_n01.txt,4043,4103,(Głos z sali: Dokładnie tak.) A co wy robiliście po napaści?,['Appeal_to_Hypocrisy'],['Attack_on_Reputation'],True,False,False,False,False,False,(Голос із залу: ось так.) А що ви робили після нападу?
pl_current_affairs_09_01_2025_n03.txt,5050,5306,Posłowie Marcin Bosacki i Andrzej Szewiński z Klubu Parlamentarnego Koalicja Obywatelska zadadzą pytanie w sprawie braku zakupu umundurowania dla żołnierzy Wojska Polskiego w okresie pełnienia funkcji ministra obrony narodowej przez Antoniego Macierewicza.,[],[],False,False,False,False,False,False,"Посланці Мартіна Босакі та Андрія Шейвану з Клубу парламентської громадянської коаліції задають питання про те, що вони не куплять умондирації для військових польських військ під час виконання обов’язків міністра оборони Антоні Матревича."
pl_eu_03_04_2025_n05.txt,2749,3110,"Gdyby był pan takim dobrym ministrem za czasów rządów PiS-u… (Poseł Szymon Szynkowski vel Sęk: Ale już nie jestem ministrem.) …jak dobrze umie pan przez 10 minut mówić o niczym, to na pewno Polska miałaby za waszych czasów dużo lepszą sytuację w Unii Europejskiej. (Oklaski) (Poseł Szymon Szynkowski vel Sęk: Gdy mówię o pracy Adama Szłapki, to mówię o niczym?)","['Questioning_the_Reputation', 'Doubt']",['Attack_on_Reputation'],True,False,False,False,False,False,"Якби ви були таким добрим міністром під час правління Пі-Ау (Пішов Шінковскі: але я вже не міністр.) ... наскільки добре ви можете говорити про будь-що 10 хвилин, то Польща за ваших днів мала б набагато ліпшу ситуацію в Європейському Союзі. (Оплески)"
pl_abortion_11_04_2024_n11.txt,1009,1105,"To cytat z Janusza Korczaka, polskiego bohatera, który kochał dzieci i poświęcił im swoje życie.",['Appeal_to_Authority'],['Justification'],False,True,False,False,False,False,"Це цитата з польського героя Януса Корчака, який любив дітей і присвятив їм своє життя."
pl_eu_03_04_2025_n01.txt,1765,1794,To był na pewno trudny okres.,[],[],False,False,False,False,False,False,"Це, безумовно, був важкий період."
pl_abortion_11_04_2024_n05.txt,5496,5553,"Tylko hipokryci zamykają oczy i udają, że aborcji nie ma.","['Conversation_Killer', 'Repetition']","['Call', 'Manipulative_Wording']",False,False,False,False,True,True,"Тільки лицеміри закривають очі і прикидаються, що аборту немає."
pl_abortion_11_04_2024_n09.txt,1901,1933,Coś się aktywistom nie zgadzało.,['False_Equivalence'],['Simplification'],False,False,False,True,False,False,Щось не погоджувалось з активістами.
pl_defence_07_03_2025_n05.txt,2652,2709,Jako żywo trudno uznać te państwa za naszych sojuszników.,['False_Dilemma-No_Choice'],['Simplification'],False,False,False,True,False,False,Нам дуже важко сприйняти їх як наших союзників.
pl_eu_03_04_2025_n04.txt,1286,1416,"Pani przewodnicząca się stara, a pan minister cały czas sukcesów na arenie europejskiej nie odnotowuje. (Głos z sali: Ha, ha, ha!)",['Doubt'],['Attack_on_Reputation'],True,False,False,False,False,False,"Ваша голова стара, і пан міністр не реєструє весь цей успіх на європейській арені (Голос із залу: ха-ха-ха!)"
pl_defence_07_03_2025_n02.txt,7445,7802,"Dzisiaj każda polityczna wypowiedź musi zaczynać się od przypomnienia wszystkim raz jeszcze – chodzi też o to, żebyśmy mieli odwagę wypowiedzieć to także na forum międzynarodowym – że to Putin, że to Rosja napadła Ukrainę, że to jest część rosyjskiej polityki imperialnej, od kilkuset lat wymierzonej w nasze państwo i inne państwa i narody Europy Środkowej.","['Loaded_Language', 'Flag_Waving', 'Questioning_the_Reputation', 'Name_Calling-Labeling']","['Attack_on_Reputation', 'Justification', 'Manipulative_Wording']",True,True,False,False,False,True,"Сьогодні будь-яка політична заява має починатися ще раз, і це означає, що ми маємо мужність сказати про це також у міжнародному форумі - що це Путін, що Росія напала на Україну, що це частина Російської імперської політики протягом сотень років, спрямованої на нашу державу та інші держави Центральної Європи."
pl_abortion_11_04_2024_n01.txt,2316,2518,"Dla kochającego męża, partnera, dla matki, dla siostry, dla przyjaciółki, która chce służyć radą, która chce służyć pomocą i kupuje tabletki, którymi teraz, współcześnie najpowszechniej usuwa się ciążę.","['Appeal_to_Pity', 'Appeal_to_Popularity']","['Justification', 'Distraction']",False,True,True,False,False,False,"Для доброго чоловіка, подружнього партнера, для матері, для сестри, для подруги, яка хоче допомогти, і купує таблетки, які тепер є найпоширенішими у світі."
pl_defence_07_03_2025_n01.txt,4349,4655,"Pan premier mówi o jedności narodowej, a na tym posiedzeniu była procedowana ustawa o Radzie Ministrów, która przewiduje wykreślenie przedstawiciela prezydenta Rzeczypospolitej z listy uczestników tych posiedzeń Rady Ministrów, które będą poświęcone bezpieczeństwu państwa. (Poseł Barbara Bartuś: Skandal!)","['Appeal_to_Hypocrisy', 'Loaded_Language']","['Attack_on_Reputation', 'Manipulative_Wording']",True,False,False,False,False,True,"Прем'єр-міністр говорить про національну єдність, і на цьому засіданні була протективна постанова про Міністерство Міністерів, яка передбачає виставлення президента Поправки США з списку учасників засідання Ради Міністерів, яка буде присвячена державній безпеці."
pl_eu_03_04_2025_n07.txt,866,888,Kilka miesięcy minęło.,['Doubt'],['Attack_on_Reputation'],True,False,False,False,False,False,Кілька місяців пройшло.
pl_eu_12_06_2024_n03.txt,2892,3045,"Natomiast odnośnie do tego, co najbardziej mnie również bulwersuje, czyli wyjęcia spod zamówień publicznych szeregu inwestycji: Jakie to będą inwestycje?","['Loaded_Language', 'Repetition']",['Manipulative_Wording'],False,False,False,False,False,True,"Але з точки зору того, що мене найбільше шокує, це те, що я маю на увазі, коли кажу: ""Яка інвестиція?"""
pl_abortion_11_04_2024_n01.txt,4031,4229,"Kiedyś były dokonywane różnymi dziwnymi narzędziami, niebezpiecznymi, takimi jak wieszak, który stał się symbolem protestów kobiet w poprzednich kadencjach Sejmu, kiedy to prawo w Polsce zaostrzono.",['Appeal_to_Fear-Prejudice'],['Justification'],False,True,False,False,False,False,"Колись вони робили дивні, небезпечні інструменти, такі як вішак, який став символом протесту жінок у попередніх кадетах Сейму, коли закон в Польщі був посилений."
pl_eu_03_04_2025_n05.txt,4770,4826,"Ważne jest oczywiście też to, o czym mówił pan minister.",[],[],False,False,False,False,False,False,"І також важливо те, про що Ви говорили міністру."
pl_abortion_11_04_2024_n08.txt,2475,2522,"Proszę państwa, można by jeszcze mówić i mówić.",['Conversation_Killer'],['Call'],False,False,False,False,True,False,"Пані та панове, ви могли б ще говорити і говорити."
pl_abortion_11_04_2024_n02.txt,1423,1809,"Posłanka Żukowska mówiła o partnerze, który stanął przed sądem za to, że pomógł swojej partnerce w przerwaniu ciąży – panu Grzegorzu z Pińczowa; o matce, która pomogła 16-letniej córce przerwać ciążę; o Justynie Wydrzyńskiej z Aborcji bez Granic, która została skazana za to, że dostarczyła tabletki do aborcji farmakologicznej kobiecie, która była ofiarą przemocy i błagała ją o pomoc.",[],[],False,False,False,False,False,False,"Одна жінка, на ім'я Жуковська, говорила про свого партнера, який стояв перед судом за те, що допоміг своїй партнерці припинити вагітність - пану Григорійу Пічня; матері, яка допомогла 16-річній дочці перервати вагітність; про Юстина Виринського Виборця без кордонів, яку засудили за те, що вона дала таблетки для фармацевтичного аборту жінці, яка була жертвою насилля і благала її про допомогу."
pl_defence_07_03_2025_n03.txt,588,666,Niech pan z tego nie żartuje. (Poseł Piotr Gliński: Za waszą odpowiedzialność.,['Repetition'],['Manipulative_Wording'],False,False,False,False,False,True,Не жартуйте з цього.
pl_statements_20_02_2025_n02.txt,1564,1744,"W trakcie poprzedniego posiedzenia Sejmu punkt: oświadczenia poselskie w ostatniej fazie został zdominowany przez wypowiedzi dotyczące Centralnego Portu Komunikacyjnego, czyli CPK.",[],[],False,False,False,False,False,False,"Під час попереднього засідання Сіму точку: Послання в останній фазі було зосереджено на коментарах про Центральний транспортний порт, або CPK."
pl_abortion_11_04_2024_n02.txt,6116,6157,Dziękuję. (Oklaski) (Głos z sali: Brawo!),[],[],False,False,False,False,False,False,Дякую (Оплески) (Голос у залі: Браво!)
pl_eu_12_06_2024_n04.txt,8473,8567,Ochrona danych osobowych to jest standard postępowania we wszystkich poprzednich specustawach.,[],[],False,False,False,False,False,False,Особиста безпека - це стандарт поведінки у всіх попередніх сеансах.
pl_abortion_11_04_2024_n13.txt,5232,5296,Prawo do aborcji to prawo do decyzji i świadomego rodzicielstwa.,['Obfuscation-Vagueness-Confusion'],['Manipulative_Wording'],False,False,False,False,False,True,Право на аборт — це право робити рішення і свідомо виховувати дитину.
pl_abortion_11_04_2024_n02.txt,311,354,"Jest to kobieta po czterdziestce, z jaskrą.",[],[],False,False,False,False,False,False,"Це жінка, якій за 40, з глаукомою."
pl_defence_22_05_2024_n02.txt,807,993,"Ustawa o ochronie Ojczyzny obowiązuje już od ponad 2 lat, a do tej pory nie ma do niej wydanych 12 niezbędnych rozporządzeń, w wyniku czego Wojsko Polskie nawet nie może się mobilizować.",[],[],False,False,False,False,False,False,"Закон, що захищає Вітчизну, існує вже понад два роки, і до цього часу вже немає 12 обов’язків, які б утримували польські війська."
pl_abortion_11_04_2024_n08.txt,3060,3092,Dlaczego tak nie lubicie dzieci?,['Whataboutism'],['Distraction'],False,False,True,False,False,False,Чому ви не любите дітей?
pl_hate_speech_act_19_12_2024_n07.txt,456,691,"Nikt nie może być dyskryminowany, prześladowany, padać ofiarą przemocy, przestępstwa ze względu na jakąkolwiek cechę, w tym ze względu na te cechy, o które projekt rozszerza ochronę, takie jak orientacja, płeć, wiek, niepełnosprawność.",['Appeal_to_Values'],['Justification'],False,True,False,False,False,False,"Ніхто не може бути дискримінованим, переслідуваним, жертвою насильства, злочином через будь-яку рису, в тому числі через ті риси, про які проект розширює охорону, такі, як орієнтація, стать, вік, інвалідність."
pl_abortion_11_04_2024_n08.txt,7269,7441,"Jesteśmy za tym, żeby dzieci się rodziły, żeby pomagać kobietom, które są w trudnej sytuacji, parom, które są w trudnej sytuacji, wspierać je, by wspierać pomoc prenatalną.",['Appeal_to_Values'],['Justification'],False,True,False,False,False,False,"Ми хочемо, щоб наші діти народжувалися, щоб допомогти жінкам, які знаходяться в складній ситуації, парам, які знаходяться в скрутному становищі, допомогти їм допомогти."
pl_abortion_11_04_2024_n02.txt,829,905,"Ania zamówiła tabletki, ale boi się, że w czasie pandemii nie dotrą na czas.",[],[],False,False,False,False,False,False,"Аня замовила таблетки, але боїться, що під час пандемії вони не доберуться вчасно."
pl_abortion_11_04_2024_n13.txt,7639,7888,"Pani Karino, to nie jest żadne poświęcenie, to był pani wybór, że pani urodziła trójkę dzieci. (Gwar na sali, dzwonek) To był pani wybór, że pani przychodziła na salę sejmową i karmiła tutaj dziecko. (Poseł Przemysław Wipler: Niech pani nie kłamie.)","['Exaggeration-Minimisation', 'Questioning_the_Reputation']","['Attack_on_Reputation', 'Manipulative_Wording']",True,False,False,False,False,True,"Пані Каріно, це не самопожертва, це був ваш вибір, що ваша мати народила трьох дітей (Гвар у залі, дзвоник), це був ваш вибір, що ви приходили до сеймової кімнати і годували тут дитину."
pl_abortion_11_04_2024_n10.txt,3782,3981,"Ja, proszę państwa, nie chcę nikogo stawiać przed takim dylematem i wnioskuję, aby mieć z tyłu głowy te dramatyczne historie… (Gwar na sali) (Poseł Jarosław Sachajko: Ładnie, ładnie, pani marszałek.)","['Loaded_Language', 'Appeal_to_Pity']","['Distraction', 'Manipulative_Wording']",False,False,True,False,False,True,"Я, будь ласка, не хочу ставити перед собою таку дилему, і я хочу, щоб у мене були ці драматичні історії (Гвар у залі)."
pl_defence_07_03_2025_n03.txt,5270,5479,Ale w tej podróży Polska 2050 Szymona Hołowni wraz z Polskim Stronnictwem Ludowym w ramach koalicji Trzeciej Drogi wzięła na siebie współodpowiedzialność za stabilizację sytuacji oraz budowanie bezpieczeństwa.,[],[],False,False,False,False,False,False,Але під час цієї подорожі Польща 2050 року з Польщею Третьої дороги взяла на себе відповідальність за стабільність ситуації та будівництво безпеки.
pl_abortion_11_04_2024_n05.txt,1945,2066,"Skoro klasa polityczna – tak jak słusznie zwróciłyście na to uwagę – przez 30 lat zawiodła kobiety, oddajmy głos Polakom.","['Flag_Waving', 'Doubt']","['Attack_on_Reputation', 'Justification']",True,True,False,False,False,False,"Політичний клас - так само, як ви правильно зрозуміли - протягом 30 років невдала жінка, давайте віддамо її полякам."
pl_statements_20_02_2025_n03.txt,6634,6686,Poczta Polska przestanie być operatorem wyznaczonym.,['Appeal_to_Fear-Prejudice'],['Justification'],False,True,False,False,False,False,Пошта Польща більше не є оператором призначення.
pl_defence_07_03_2025_n04.txt,422,490,"Przede wszystkim trzeba je wydawać mądrze, w europejskich fabrykach.",['Flag_Waving'],['Justification'],False,True,False,False,False,False,"Перш за все, їх треба витрачати мудро, в європейських фабриках."
pl_current_affairs_09_01_2025_n01.txt,5808,5961,"Jak wskazuje sama nazwa ustawy – „Aktywny rodzic”, wspiera ona rodziców w aktywności zawodowej, pomagając powrócić na rynek pracy po narodzinach dziecka.",[],[],False,False,False,False,False,False,"Як говорить сама назва закону: « Батько - підліток » підтримує батьків на роботі, допомагаючи їм повернутися на ринок праці після народження дитини."
pl_hate_speech_act_19_12_2024_n07.txt,5160,5196,Poseł Ryszard Wilk: Panie Marszałku!,[],[],False,False,False,False,False,False,Посол Ричард Вовк: Містере Маршалку!
pl_abortion_11_04_2024_n02.txt,1348,1389,Niektóre z tych imion nie są przypadkowe.,[],[],False,False,False,False,False,False,Деякі з цих імен не випадкові.
pl_current_affairs_09_01_2025_n02.txt,1382,1497,"Sekretarz Stanu w Ministerstwie Rodziny, Pracy i Polityki Społecznej Aleksandra Gajewska: Szanowny Panie Marszałku!",[],[],False,False,False,False,False,False,"Державний секретар міністерства сім'ї, праці та соціальної політики Олександр Гаєвська: Шановний пане Маршалку!"
pl_abortion_11_04_2024_n09.txt,171,286,"Debatujemy dzisiaj o bardzo ważnej i – ośmielę się powiedzieć – kluczowej dla nas sprawie, sprawie życia i śmierci.",['False_Dilemma-No_Choice'],['Simplification'],False,False,False,True,False,False,"Сьогодні ми займаємося дуже важливою справою, і я насмілюсь сказати вам, що ключова для нас справа - питання життя і смерті."
pl_statements_20_02_2025_n04.txt,6782,6884,Przez uwłaszczenie PKW doszło do finansowej walki Dawida z Goliatem na szczeblu wyborów prezydenckich.,['Loaded_Language'],['Manipulative_Wording'],False,False,False,False,False,True,"Зловмисивши ПКХ, Давид з Ґоліятом зазнали фінансової боротьби під час виборів президента."
pl_defence_07_03_2025_n07.txt,4813,4934,"Tego świata, w którym wystarczyło odpowiednio często powtarzać zaklęcia o niewzruszonych sojuszach, po prostu już nie ma.","['Conversation_Killer', 'Loaded_Language', 'Repetition']","['Call', 'Manipulative_Wording']",False,False,False,False,True,True,"У світі, в якому часто повторюють заклинання про незмінні союзи, вже немає."
pl_defence_07_03_2025_n03.txt,4717,4774,W takim wilczym świecie Polska nigdy się nie odnajdywała.,['Loaded_Language'],['Manipulative_Wording'],False,False,False,False,False,True,У такому багатолюдному світі Польща так ніколи й не знайшла себе.
pl_abortion_11_04_2024_n11.txt,884,1008,"To uwłaszczona miłość matki i ojca, u których będzie rosnąć nie nasze, własne dziecko, ale dusza przekazana na przechowanie.","['Loaded_Language', 'Appeal_to_Values']","['Justification', 'Manipulative_Wording']",False,True,False,False,False,True,"Це вдосконала любов матері і батька, в яких буде рости не наша дитина, а душа, передана на зберігання."
pl_defence_07_03_2025_n05.txt,6738,6765,One są absolutnie kluczowe.,"['Conversation_Killer', 'Loaded_Language']","['Call', 'Manipulative_Wording']",False,False,False,False,True,True,Вони абсолютно важливі.
pl_defence_22_05_2024_n03.txt,191,462,"Dzisiejsza debata na temat obronności Rzeczypospolitej, bezpieczeństwa Polaków, narodu tak doświadczonego historycznie, ma miejsce w polskim Sejmie w chwili, kiedy wróg jest definiowany i Biuro Bezpieczeństwa Narodowego określa ewentualny zasięg bezpieczeństwa na 3 lata.",['Appeal_to_Fear-Prejudice'],['Justification'],False,True,False,False,False,False,"Теперішня дискусія щодо державної оборони, безпеки поляків, такої досвідченої нації, відбувається в польському сеймі, коли ворог визначає, і Національний центр безпеки визначає потенційні можливості безпеки на 3 роки."
pl_eu_12_06_2024_n04.txt,2501,2726,15 minutami podzielą się sekretarz stanu w Ministerstwie Spraw Wewnętrznych i Administracji pan minister Czesław Mroczek oraz podsekretarz stanu w Kancelarii Prezesa Rady Ministrów pani minister Magdalena Sobkowiak-Czarnecka.,[],[],False,False,False,False,False,False,П'ятнадцять хвилин будуть поділятись міністром внутрішніх справ та Адміністраціями міністра Чеслава Молека та віце-президента штату Канцелярія Ради міністрів пані Магдалена Собковік-Чорнек.
pl_eu_03_04_2025_n04.txt,6019,6057,Na szczęście do tego nie dopuściliśmy.,[],[],False,False,False,False,False,False,"На щастя, ми цього не робили."
pl_abortion_11_04_2024_n05.txt,9215,9276,"Chcemy mieć takie sama prawa, jak niemal wszystkie Europejki.","['Appeal_to_Values', 'Appeal_to_Popularity', 'Repetition']","['Justification', 'Manipulative_Wording']",False,True,False,False,False,True,"Ми хочемо мати такі ж права, як і всі Європейці."
pl_abortion_11_04_2024_n06.txt,3082,3129,"Panie pośle, na podstawie… (Poruszenie na sali)",[],[],False,False,False,False,False,False,"Пане Пішле, на основі... (Потік у залі)"
pl_eu_03_04_2025_n02.txt,0,181,Pomimo deklarowanego zaangażowania prezydencji w kwestie związane z powstrzymaniem nielegalnej migracji podejmowane działania prezydencji węgierskiej nie przyniosły żadnych efektów.,['Doubt'],['Attack_on_Reputation'],True,False,False,False,False,False,"Незважаючи на те, що угорська влада зобов’язалася заборонити міграцію, вона не принесла жодного ефекту."
pl_defence_07_03_2025_n05.txt,4190,4242,"Bardzo bym chciała, żeby za oceanem o tym pamiętano.",[],[],False,False,False,False,False,False,"Я б дуже хотіла, щоб про це пам'ятали за океан."
pl_current_affairs_09_01_2025_n03.txt,3045,3168,"Już wyszedł, bo nie chce się z tego tutaj wytłumaczyć. (Poseł Anna Gembicka: Marszałek Wielichowska organizowała protesty…)",['Questioning_the_Reputation'],['Attack_on_Reputation'],True,False,False,False,False,False,"Він вийшов, бо вже не хоче цього пояснити."
pl_statements_20_02_2025_n04.txt,7280,7328,Dziękuję bardzo. (Oklaski) (Głos z sali: Brawo!),[],[],False,False,False,False,False,False,Дуже дякую. (Оплески) (Оплески) (Голос у залі: Браво!)
pl_hate_speech_act_19_12_2024_n10.txt,3648,3699,"Pani poseł Agata Wojtyszek, Prawo i Sprawiedliwość.",[],[],False,False,False,False,False,False,"Ваш посол Аґата Войтич, Закон і правосуддя."
pl_hate_speech_act_19_12_2024_n09.txt,6001,6074,Bardzo dziękuję Ministerstwu Sprawiedliwości za przygotowanie tej ustawy.,[],[],False,False,False,False,False,False,"Я дуже вдячний міністерству юстиції за те, що вона приготовила цей закон."
